config_fa,changed_weight,delta,fulfillment_rate,fulfillment_delta,tta_p95_min,tta_p95_delta,mean_rating_assigned,quality_delta,gini_jobs,starved_share
وزن‌های سند (پایه),-,0,0.6005,,3.888,,4.46,,0.1352,0.0
نزدیکی 150٪,distance,0.5,0.6,-0.0005,4.135,0.247,4.46,0.0,0.1366,0.0
نزدیکی 50٪,distance,-0.5,0.6026,0.0021,4.134,0.246,4.46,0.0,0.1342,0.0
کیفیت 150٪,quality,0.5,0.6021,0.0016,3.97,0.082,4.46,0.0,0.1366,0.0085
کیفیت 50٪,quality,-0.5,0.5974,-0.0031,4.061,0.173,4.462,0.002,0.1342,0.0
نرخ قبولی 150٪,acceptance,0.5,0.6026,0.0021,3.942,0.054,4.46,0.0,0.1324,0.0
نرخ قبولی 50٪,acceptance,-0.5,0.6011,0.0006,4.015,0.127,4.46,0.0,0.1329,0.0
پایبندی 150٪,reliability,0.5,0.6032,0.0027,3.903,0.015,4.459,-0.001,0.1361,0.0
پایبندی 50٪,reliability,-0.5,0.5995,-0.001,3.867,-0.021,4.459,-0.001,0.1382,0.0
قیمت 150٪,price,0.5,0.6042,0.0037,3.94,0.052,4.46,0.0,0.1326,0.0
قیمت 50٪,price,-0.5,0.6,-0.0005,3.906,0.018,4.459,-0.001,0.1361,0.0
تجهیزات 150٪,equipment,0.5,0.6005,0.0,3.996,0.108,4.46,0.0,0.1353,0.0
تجهیزات 50٪,equipment,-0.5,0.5995,-0.001,4.127,0.239,4.461,0.001,0.1344,0.0
سابقه با مشتری 150٪,history,0.5,0.5989,-0.0016,4.252,0.364,4.463,0.003,0.1343,0.0
سابقه با مشتری 50٪,history,-0.5,0.6005,0.0,3.935,0.047,4.459,-0.001,0.1367,0.0085
عدالت توزیع 150٪,fairness,0.5,0.5989,-0.0016,4.049,0.161,4.461,0.001,0.1346,0.0
عدالت توزیع 50٪,fairness,-0.5,0.5979,-0.0026,3.872,-0.016,4.459,-0.001,0.1369,0.0
نگهداشت متخصص 150٪,retention,0.5,0.6021,0.0016,3.988,0.1,4.46,0.0,0.1382,0.0
نگهداشت متخصص 50٪,retention,-0.5,0.5995,-0.001,3.978,0.09,4.46,0.0,0.1362,0.0
